Hannibal https://en.wikipedia.org/wiki/Hannibal
Talk:Henry_the_Fowler https://en.wikipedia.org/wiki/Talk:Henry_the_Fowler
Hansie_Cronje https://en.wikipedia.org/wiki/Hansie_Cronje
Hultsfred_Municipality https://en.wikipedia.org/wiki/Hultsfred_Municipality
Parliament_of_the_United_Kingdom https://en.wikipedia.org/wiki/Parliament_of_the_United_Kingdom
Hosea https://en.wikipedia.org/wiki/Hosea
Habakkuk https://en.wikipedia.org/wiki/Habakkuk
Haggai https://en.wikipedia.org/wiki/Haggai
Herman_Hollerith https://en.wikipedia.org/wiki/Herman_Hollerith
History_of_painting https://en.wikipedia.org/wiki/History_of_painting
Hungarian_language https://en.wikipedia.org/wiki/Hungarian_language
Hymenoptera https://en.wikipedia.org/wiki/Hymenoptera
Hannibal_Hamlin https://en.wikipedia.org/wiki/Hannibal_Hamlin
Hopwood_Award https://en.wikipedia.org/wiki/Hopwood_Award
Hopwood_Program https://en.wikipedia.org/wiki/Hopwood_Award
Homeostasis https://en.wikipedia.org/wiki/Homeostasis
Hockey https://en.wikipedia.org/wiki/Hockey
Holocaust_revisionism https://en.wikipedia.org/wiki/Holocaust_denial
Hawick https://en.wikipedia.org/wiki/Harwich
Hatfield,_Hertfordshire https://en.wikipedia.org/wiki/Hatfield,_Hertfordshire
Hertfordshire https://en.wikipedia.org/wiki/Hertfordshire
Helene_Kröller-Müller https://en.wikipedia.org/wiki/Helene_Kr%C3%B6ller-M%C3%BCller
Hans-Georg_Gadamer https://en.wikipedia.org/wiki/Hans-Georg_Gadamer
HomePage. https://en.wikipedia.org/wiki/Home_page
Historical_martial_arts_reconstruction https://en.wikipedia.org/wiki/Historical_European_martial_arts
Honeymoon https://en.wikipedia.org/wiki/Honeymoon
Harold_Kushner https://en.wikipedia.org/wiki/Harold_Kushner
Heapsort https://en.wikipedia.org/wiki/Heapsort
Heap_(data_structure) https://en.wikipedia.org/wiki/Heap_(data_structure)
Hierarchical_tree_structure https://en.wikipedia.org/wiki/Tree_structure
Hierarchy https://en.wikipedia.org/wiki/Hierarchy
Hierarchy_member https://en.wikipedia.org/wiki/Hierarchy
Wikipedia:History_basic_topics https://en.wikipedia.org/wiki/Wikipedia:WikiProject_History
List_of_basic_history_of_science_and_technology_topics https://en.wikipedia.org/wiki/History_of_science_and_technology
Outline_of_health_sciences https://en.wikipedia.org/wiki/Outline_of_health_sciences
Hour https://en.wikipedia.org/wiki/Hour
Hezekiah https://en.wikipedia.org/wiki/Hezekiah
Haemophilia https://en.wikipedia.org/wiki/Haemophilus
Hemophilia https://en.wikipedia.org/wiki/Haemophilia
Hemicellulose https://en.wikipedia.org/wiki/Hemicellulose
Hillbillies https://en.wikipedia.org/wiki/Hillbilly
Hillbilly https://en.wikipedia.org/wiki/Hillbilly
Hernán_Cortés https://en.wikipedia.org/wiki/Hern%C3%A1n_Cort%C3%A9s
Herstory https://en.wikipedia.org/wiki/Herstory
Talk:Hillbilly https://en.wikipedia.org/wiki/Talk:Hillbilly
House_of_Cards_(British_TV_series) https://en.wikipedia.org/wiki/House_of_Cards_(British_TV_series)
Helen_Gandy https://en.wikipedia.org/wiki/Helen_Gandy
Horsepower https://en.wikipedia.org/wiki/Horsepower
History_of_London https://en.wikipedia.org/wiki/History_of_London
History_of_astronomy https://en.wikipedia.org/wiki/History_of_astronomy
Hot_or_Not https://en.wikipedia.org/wiki/Hot_or_Not
H.263 https://en.wikipedia.org/wiki/H.263
H.263v2 https://en.wikipedia.org/wiki/H.263
Hierarchical_relationship https://en.wikipedia.org/wiki/Hierarchy
Talk:Heapsort https://en.wikipedia.org/wiki/Talk:Heapsort
Talk:Hierarchical_relationship https://en.wikipedia.org/wiki/Talk:Hierarchical_relationship
Hierarchical_organization https://en.wikipedia.org/wiki/Hierarchical_organization
Talk:Hierarchical_organization https://en.wikipedia.org/wiki/Talk:Hierarchical_organization
Harry_Secombe https://en.wikipedia.org/wiki/Harry_Secombe
Hellas_Verona_F.C. https://en.wikipedia.org/wiki/Hellas_Verona_F.C.
Hinayana https://en.wikipedia.org/wiki/Hinayana
Howard_Philips_Lovecraft https://en.wikipedia.org/wiki/H._P._Lovecraft
Humphrey_Bogart https://en.wikipedia.org/wiki/Humphrey_Bogart
Homicidal_government https://en.wikipedia.org/wiki/Democide
Talk:Honeymoon https://en.wikipedia.org/wiki/Talk:Honeymoon
Talk:Hemoglobin https://en.wikipedia.org/wiki/Talk:Hemoglobin
History_painting https://en.wikipedia.org/wiki/History_painting
Hyperbola https://en.wikipedia.org/wiki/Hyperbole
Talk:HTML https://en.wikipedia.org/wiki/Hypertext_Transfer_Protocol
Talk:Homeschooling https://en.wikipedia.org/wiki/Homeschooling
Humayun https://en.wikipedia.org/wiki/Humayun
Prince-elector https://en.wikipedia.org/wiki/Prince-elector
Talk:House_of_Hohenzollern https://en.wikipedia.org/wiki/Talk:House_of_Hohenzollern
Talk:Prince-elector https://en.wikipedia.org/wiki/Talk:Prince-elector
Hook_of_Holland https://en.wikipedia.org/wiki/Hook_of_Holland
Hugh_Binning https://en.wikipedia.org/wiki/Hugh_Binning
Henry_Home,_Lord_Kames https://en.wikipedia.org/wiki/Henry_Home,_Lord_Kames
Harwich https://en.wikipedia.org/wiki/Harwich
Hendrick_Avercamp https://en.wikipedia.org/wiki/Hendrick_Avercamp
Hans_Baldung https://en.wikipedia.org/wiki/Hans_Baldung
Hammered_dulcimer https://en.wikipedia.org/wiki/Hammered_dulcimer
Humanae_vitae https://en.wikipedia.org/wiki/Humanae_vitae
History_of_Wikipedia https://en.wikipedia.org/wiki/History_of_Wikipedia
Hydropower https://en.wikipedia.org/wiki/Hydropower
Hydroelectric_plant https://en.wikipedia.org/wiki/Hydroelectricity
Horse_Breeds https://en.wikipedia.org/wiki/List_of_horse_breeds
Horse_breeding https://en.wikipedia.org/wiki/Horse_breeding
Talk:Human_sexuality https://en.wikipedia.org/wiki/Talk:Human_sexuality
Heterosexuality https://en.wikipedia.org/wiki/Heterosexuality
Hopewell_Centre_(Hong_Kong) https://en.wikipedia.org/wiki/Hopewell_Centre_(Hong_Kong)
Heliopause_(astronomy) https://en.wikipedia.org/wiki/Heliosphere
Talk:List_of_historical_drama_films_and_series_set_in_Near_Eastern_and_Western_civilization https://en.wikipedia.org/wiki/Talk:List_of_historical_drama_films_and_series_set_in_Near_Eastern_and_Western_civilization
Harwich,_Massachusetts https://en.wikipedia.org/wiki/Harwich,_Massachusetts
Hull_classification_symbol https://en.wikipedia.org/wiki/Hull_classification_symbol
Habeas_corpus https://en.wikipedia.org/wiki/Habeas_corpus
Prince_Henry_the_Navigator https://en.wikipedia.org/wiki/Prince_Henry_the_Navigator
Human_cloning https://en.wikipedia.org/wiki/Human_cloning
Talk:Hierarchy https://en.wikipedia.org/wiki/Talk:Hierarchy
History_of_Asia https://en.wikipedia.org/wiki/History_of_Asia
History_of_the_Americas https://en.wikipedia.org/wiki/History_of_the_Americas
History_of_Africa https://en.wikipedia.org/wiki/History_of_Africa
Talk:History_of_the_Netherlands https://en.wikipedia.org/wiki/Talk:History_of_the_Netherlands
Talk:Human_cloning https://en.wikipedia.org/wiki/Talk:Human_cloning
History_of_Oceania https://en.wikipedia.org/wiki/History_of_Oceania
Hanseatic_League https://en.wikipedia.org/wiki/Hanseatic_League
Talk:Hanseatic_League https://en.wikipedia.org/wiki/Talk:Hanseatic_League
Historical_African_place_names https://en.wikipedia.org/wiki/Historical_African_place_names
Horror_fiction https://en.wikipedia.org/wiki/Horror_fiction
Holomorphic_function https://en.wikipedia.org/wiki/Holomorphic_function
Talk:Heterosexuality https://en.wikipedia.org/wiki/Talk:Heterosexuality
History_of_Algeria https://en.wikipedia.org/wiki/History_of_Algeria
History_of_Zimbabwe https://en.wikipedia.org/wiki/History_of_Zimbabwe
History_of_Russia https://en.wikipedia.org/wiki/History_of_Russia
Talk:History_of_Africa https://en.wikipedia.org/wiki/Talk:History_of_Africa
History_of_Christianity https://en.wikipedia.org/wiki/History_of_Christianity
Melody_dominated_homophony https://en.wikipedia.org/wiki/Homophony
Historic_list_of_cities_of_Europe https://en.wikipedia.org/wiki/List_of_largest_European_cities_in_history
Hertz https://en.wikipedia.org/wiki/Hertz
Talk:History_of_Christianity https://en.wikipedia.org/wiki/Talk:History_of_Christianity
Heroic_couplet https://en.wikipedia.org/wiki/Heroic_couplet
Homosexuals https://en.wikipedia.org/wiki/Homosexuality
Höðr https://en.wikipedia.org/wiki/H%C3%B6%C3%B0r
Herat https://en.wikipedia.org/wiki/Hera
Haithabu https://en.wikipedia.org/wiki/Haitham
Hedeby https://en.wikipedia.org/wiki/Hedeby
Hazaras https://en.wikipedia.org/wiki/Hazard
Hawala https://en.wikipedia.org/wiki/Hawala
Hydroponics https://en.wikipedia.org/wiki/Hydroponics
Henry_Purcell https://en.wikipedia.org/wiki/Henry_Purcell
Hydrophobe https://en.wikipedia.org/wiki/Hydrophobe
Talk:Herat https://en.wikipedia.org/wiki/Hera
Harley-Davidson https://en.wikipedia.org/wiki/Harley-Davidson
Harappan_Civilisation https://en.wikipedia.org/wiki/Indus_Valley_Civilisation
Hiberno-English https://en.wikipedia.org/wiki/Hiberno-English
Talk:Hiberno-English/Archive_2 https://en.wikipedia.org/wiki/Talk:Hiberno-English/Archive_2
Harmonic_analysis https://en.wikipedia.org/wiki/Harmonic_analysis
Home_run https://en.wikipedia.org/wiki/Home_run
Hate_site https://en.wikipedia.org/wiki/Hate_speech
Talk:Hate_site https://en.wikipedia.org/wiki/Talk:Hate_site
Hendecasyllable https://en.wikipedia.org/wiki/Hendecasyllable
Talk:HavenCo https://en.wikipedia.org/wiki/Talk:HavenCo
Hebrides https://en.wikipedia.org/wiki/Hebrides
Human_rights_law https://en.wikipedia.org/wiki/International_human_rights_law
HMS_Dreadnought https://en.wikipedia.org/wiki/HMS_Dreadnought
Hartmann_Schedel https://en.wikipedia.org/wiki/Hartmann_Schedel
Hexameter https://en.wikipedia.org/wiki/Hexameter
Holy_Hand_Grenade_of_Antioch https://en.wikipedia.org/wiki/Rabbit_of_Caerbannog
Timeline_of_Polish_history https://en.wikipedia.org/wiki/Timeline_of_Polish_history
Hamitic_languages https://en.wikipedia.org/wiki/Hamites
Talk:History_of_Poland https://en.wikipedia.org/wiki/Talk:History_of_Poland
Talk:History_of_Poland/Gathering_scientific_evidence_and_bibliography https://en.wikipedia.org/wiki/Talk:History_of_Poland/Gathering_scientific_evidence_and_bibliography
Talk:Timeline_of_Polish_history https://en.wikipedia.org/wiki/Talk:Timeline_of_Polish_history
Himalia https://en.wikipedia.org/wiki/Himalia_(moon)
Heracleidae https://en.wikipedia.org/wiki/Heracleidae
Heterodimer https://en.wikipedia.org/wiki/Protein_dimer
Homodimer https://en.wikipedia.org/wiki/Protein_dimer
HOL https://en.wikipedia.org/wiki/Sacred
Hostile_witness https://en.wikipedia.org/wiki/Hostile_witness
Talk:Hamitic_languages https://en.wikipedia.org/wiki/Talk:Hamitic_languages
Henry_I_of_England https://en.wikipedia.org/wiki/Henry_I_of_England
Hentai https://en.wikipedia.org/wiki/Sentai
Talk:Hentai https://en.wikipedia.org/wiki/Sentai
Henry_VII_of_England https://en.wikipedia.org/wiki/Henry_VI_of_England
Henry_VIII_of_England https://en.wikipedia.org/wiki/Henry_II_of_England
Haryana https://en.wikipedia.org/wiki/Havana
Himachal_Pradesh https://en.wikipedia.org/wiki/Himachal_Pradesh
Hakra_River https://en.wikipedia.org/wiki/Ghaggar-Hakra_River
History_of_medicine https://en.wikipedia.org/wiki/History_of_medicine
Talk:Hallucinogen https://en.wikipedia.org/wiki/Hallucinogen
Hamoaze https://en.wikipedia.org/wiki/Hamoaze
Handheld_game_console https://en.wikipedia.org/wiki/Handheld_game_console
Heinrich_Abeken https://en.wikipedia.org/wiki/Heinrich_Abeken
Henry_Bruce,_1st_Baron_Aberdare https://en.wikipedia.org/wiki/Henry_Bruce,_1st_Baron_Aberdare
Halophile https://en.wikipedia.org/wiki/Halophile
Herbert_A._Simon https://en.wikipedia.org/wiki/Herbert_A._Simon
History_of_Ceuta https://en.wikipedia.org/wiki/Ceuta
Hematite https://en.wikipedia.org/wiki/Hematite
Holocene_extinction https://en.wikipedia.org/wiki/Holocene_extinction
Hollywood-style_Lindy_Hop https://en.wikipedia.org/wiki/Lindy_Hop
Harrison_Narcotics_Tax_Act https://en.wikipedia.org/wiki/Harrison_Narcotics_Tax_Act
Heisenbug/version_2 https://en.wikipedia.org/wiki/Heisenbug
Talk:Holocene_extinction https://en.wikipedia.org/wiki/Talk:Holocene_extinction
Talk:Hobby https://en.wikipedia.org/wiki/Talk:Hobby
Horse_tack https://en.wikipedia.org/wiki/Horse_tack
Hausa_language https://en.wikipedia.org/wiki/Hausa_language
Talk:Homosexual https://en.wikipedia.org/wiki/Talk:Homosexual
Talk:Homophobia/Archive_6 https://en.wikipedia.org/wiki/Talk:Homophobia/Archive_6
Homophobic https://en.wikipedia.org/wiki/Homophobia
History_of_mathematics https://en.wikipedia.org/wiki/History_of_mathematics
Herrenvolk https://en.wikipedia.org/wiki/Master_race
Horrendous_Space_Kablooie https://en.wikipedia.org/wiki/Calvin_and_Hobbes
Hydrogen_atom https://en.wikipedia.org/wiki/Hydrogen_atom
Elagabalus https://en.wikipedia.org/wiki/Elagabalus
Talk:Humphrey_Bogart https://en.wikipedia.org/wiki/Talk:Humphrey_Bogart
Hurricane https://en.wikipedia.org/wiki/Tropical_cyclone
Hairpin https://en.wikipedia.org/wiki/Hairpin
Hz https://en.wikipedia.org/wiki/Hertz
Hate_speech https://en.wikipedia.org/wiki/Hate_speech
Talk:Hate_speech https://en.wikipedia.org/wiki/Talk:Hate_speech
Henrik_Ibsen https://en.wikipedia.org/wiki/Henrik_Ibsen
Heinlein https://en.wikipedia.org/wiki/Robert_A._Heinlein
Histories_of_religion https://en.wikipedia.org/wiki/History_of_religion
Hawaiian_language https://en.wikipedia.org/wiki/Hawaiian_language
Talk:Causes_of_sexual_orientation/Archive_1 https://en.wikipedia.org/wiki/Talk:Causes_of_sexual_orientation/Archive_1
Second_Polish_Republic https://en.wikipedia.org/wiki/Second_Polish_Republic
Hooligans https://en.wikipedia.org/wiki/Hooliganism
Talk:Holy_orders https://en.wikipedia.org/wiki/Talk:Holy_orders
Talk:Hydrogen_atom https://en.wikipedia.org/wiki/Talk:Hydrogen_atom
History_of_Poland_--_World_War_II_1939-1945 https://en.wikipedia.org/wiki/History_of_Poland_(1939%E2%80%931945)
Haddocks'_Eyes https://en.wikipedia.org/wiki/Haddocks%27_Eyes
Hannukah https://en.wikipedia.org/wiki/Hanukkah
Chanukah https://en.wikipedia.org/wiki/Hanukkah
Hoosier https://en.wikipedia.org/wiki/Hoosier
Hilberts_second_problem https://en.wikipedia.org/wiki/Hilbert%27s_second_problem
History_of_M.O.S._Technologies https://en.wikipedia.org/wiki/MOS_Technology
Horner's_method https://en.wikipedia.org/wiki/Horner%27s_method
Hapworth_16,_1924 https://en.wikipedia.org/wiki/Hapworth_16,_1924
Hypnotic https://en.wikipedia.org/wiki/Hypnotic
HMS_Dunraven https://en.wikipedia.org/wiki/HMS_Dunraven
Hacker_ethic https://en.wikipedia.org/wiki/Hacker_ethic
Hermitian https://en.wikipedia.org/wiki/Hermitian_matrix
Hugh_Hefner https://en.wikipedia.org/wiki/Hugh_Hefner
Hafizullah_Amin https://en.wikipedia.org/wiki/Hafizullah_Amin
Hubris https://en.wikipedia.org/wiki/Hubris
Heavy_water https://en.wikipedia.org/wiki/Heavy_water
Hemochromatosis https://en.wikipedia.org/wiki/Iron_overload
History_of_science_and_technology https://en.wikipedia.org/wiki/History_of_science_and_technology
Holographic_principle https://en.wikipedia.org/wiki/Holographic_principle
Hamilton,_Ontario https://en.wikipedia.org/wiki/Hamilton,_Ontario
Hussites https://en.wikipedia.org/wiki/Hussites
Herman_of_Alaska https://en.wikipedia.org/wiki/Herman_of_Alaska
Hausdorff_dimension https://en.wikipedia.org/wiki/Hausdorff_dimension
Heckler_&_Koch https://en.wikipedia.org/wiki/Heckler_%26_Koch
Henry_Middleton https://en.wikipedia.org/wiki/Henry_Middleton
Henry_Laurens https://en.wikipedia.org/wiki/Henry_Laurens
British_Aerospace_HOTOL https://en.wikipedia.org/wiki/British_Aerospace_HOTOL
Homo_sapiens_sapiens https://en.wikipedia.org/wiki/Human_taxonomy
Talk:Human/Archive_1 https://en.wikipedia.org/wiki/Talk:Human/Archive_1
Adventures_of_Huckleberry_Finn https://en.wikipedia.org/wiki/Adventures_of_Huckleberry_Finn
Harpsichord https://en.wikipedia.org/wiki/Harpsichord
Hawker_Siddeley_Harrier https://en.wikipedia.org/wiki/Hawker_Siddeley_Harrier
Hawker_Harrier https://en.wikipedia.org/wiki/Hawker_Siddeley_Harrier
Hergé https://en.wikipedia.org/wiki/Herg%C3%A9
Horned_God https://en.wikipedia.org/wiki/Horned_God
Talk:Horned_God https://en.wikipedia.org/wiki/Talk:Horned_god
Hank_Aaron https://en.wikipedia.org/wiki/Hank_Aaron
Hunt_the_Wumpus https://en.wikipedia.org/wiki/Hunt_the_Wumpus
Hearst_Communications https://en.wikipedia.org/wiki/Hearst_Communications
HMS_Hercules https://en.wikipedia.org/wiki/HMS_Hercules
HMAS_Sydney https://en.wikipedia.org/wiki/HMAS_Sydney_(D48)
Hunter_S._Thompson https://en.wikipedia.org/wiki/Hunter_S._Thompson
Historicism https://en.wikipedia.org/wiki/Historicism
Hunter_College https://en.wikipedia.org/wiki/Hunter_College
Harry_Shearer https://en.wikipedia.org/wiki/Harry_Shearer
Haenir https://en.wikipedia.org/wiki/H%C5%93nir
Hunter_S_Thompson https://en.wikipedia.org/wiki/Hunter_S._Thompson
History_of_Painting https://en.wikipedia.org/wiki/History_of_painting
High_fantasy https://en.wikipedia.org/wiki/High_fantasy
Human_sexual_activity https://en.wikipedia.org/wiki/Human_sexual_activity
Historical-comparative_linguistics https://en.wikipedia.org/wiki/Historical_linguistics
Talk:Homomorphism https://en.wikipedia.org/wiki/Talk:Homomorphism
Human_being https://en.wikipedia.org/wiki/Human
Huey_helicopter https://en.wikipedia.org/wiki/Bell_Huey_family
Homininae https://en.wikipedia.org/wiki/Homininae
Homo_habilis https://en.wikipedia.org/wiki/Homo_habilis
Harmonica https://en.wikipedia.org/wiki/Harmonica
Talk:Harmonica https://en.wikipedia.org/wiki/Talk:Harmonica
Hops https://en.wikipedia.org/wiki/Hope
Talk:Historical_linguistics/Archive_1 https://en.wikipedia.org/wiki/Talk:Historical_linguistics/Archive_1
Hack https://en.wikipedia.org/wiki/Hawk
Huey,_Dewey,_and_Louie https://en.wikipedia.org/wiki/Huey,_Dewey,_and_Louie
Hortense_McDuck https://en.wikipedia.org/wiki/Clan_McDuck
Hammurabi https://en.wikipedia.org/wiki/Hammurabi
Huygens–Fresnel_principle https://en.wikipedia.org/wiki/Huygens%E2%80%93Fresnel_principle
Hanko_(stamp) https://en.wikipedia.org/wiki/Seal_(East_Asia)
Hugh_McDuck https://en.wikipedia.org/wiki/Clan_McDuck
Humperdink_Duck https://en.wikipedia.org/wiki/Duck_family_(Disney)
Talk:History_of_ancient_Israel_and_Judah https://en.wikipedia.org/wiki/Talk:History_of_ancient_Israel_and_Judah
Hengist_and_Horsa https://en.wikipedia.org/wiki/Hengist_and_Horsa
Hero_System https://en.wikipedia.org/wiki/Hero_System
Humphry_Davy https://en.wikipedia.org/wiki/Humphry_Davy
Talk:Humphry_Davy https://en.wikipedia.org/wiki/Talk:Humphry_Davy
Haematopoiesis https://en.wikipedia.org/wiki/Haematopoiesis
Hogmanay https://en.wikipedia.org/wiki/Hogmanay
History_of_Finland https://en.wikipedia.org/wiki/History_of_Finland
Holy_Spirit https://en.wikipedia.org/wiki/Holy_Spirit
Helium-3 https://en.wikipedia.org/wiki/Helium
Hamiltonian_(quantum_mechanics) https://en.wikipedia.org/wiki/Hamiltonian_(quantum_mechanics)
Hi-hat https://en.wikipedia.org/wiki/Hi-hat
Hydrogen_bonding https://en.wikipedia.org/wiki/Hydrogen_bond
Hydrolysis https://en.wikipedia.org/wiki/Hydrolysis
Hydroxy_group https://en.wikipedia.org/wiki/Hydroxy_group
Warm-blooded https://en.wikipedia.org/wiki/Warm-blooded
Hephaestus https://en.wikipedia.org/wiki/Hephaestus
Herman_Charles_Bosman https://en.wikipedia.org/wiki/Herman_Charles_Bosman
Howitzer https://en.wikipedia.org/wiki/Howitzer
HMMWV https://en.wikipedia.org/wiki/Humvee
Hummer https://en.wikipedia.org/wiki/Hammer
Humvee https://en.wikipedia.org/wiki/Hummer
Hum-Vee https://en.wikipedia.org/wiki/Humvee
Highest_common_factor https://en.wikipedia.org/wiki/Greatest_common_divisor
Hydrogen_peroxide https://en.wikipedia.org/wiki/Hydrogen_peroxide
Hesychasm https://en.wikipedia.org/wiki/Hesychasm
Harmony_Society https://en.wikipedia.org/wiki/Harmony_Society
History_of_Weights_and_Measures https://en.wikipedia.org/wiki/Unit_of_measurement
Huneric https://en.wikipedia.org/wiki/Huneric
Hasdingi https://en.wikipedia.org/wiki/Hasdingi
Hepatoscopy https://en.wikipedia.org/wiki/Haruspex
Hedge_fund https://en.wikipedia.org/wiki/Hedge_fund
Hydrocodone https://en.wikipedia.org/wiki/Hydrocodone
Hashish https://en.wikipedia.org/wiki/Hashish
Hash_Oil https://en.wikipedia.org/wiki/Hash_oil
Hypnosis https://en.wikipedia.org/wiki/Hypnotic
Henry_Chadwick_(writer) https://en.wikipedia.org/wiki/Henry_Chadwick_(writer)
Hippopotomus https://en.wikipedia.org/wiki/Hippopotamus
Higher_education https://en.wikipedia.org/wiki/Higher_education
Talk:Hydrocodone https://en.wikipedia.org/wiki/Talk:Hydrocodone
Talk:Seppuku https://en.wikipedia.org/wiki/Talk:Seppuku
Heather_Fargo https://en.wikipedia.org/wiki/Heather_Fargo
Henotheism https://en.wikipedia.org/wiki/Monotheism
Talk:Hausdorff_space https://en.wikipedia.org/wiki/Talk:Hausdorff_space
Hedwig_of_Silesia https://en.wikipedia.org/wiki/Hedwig_of_Silesia
History_of_Prussia https://en.wikipedia.org/wiki/Prussia
Hugh_of_St._Victor https://en.wikipedia.org/wiki/Hugh_of_Saint_Victor
Hasidic_Judaism https://en.wikipedia.org/wiki/Hasidic_Judaism
Talk:Haskell_(programming_language)/Archive_1 https://en.wikipedia.org/wiki/Talk:Haskell_(programming_language)/Archive_1
Harmonic_series_(music) https://en.wikipedia.org/wiki/Harmonic_series_(music)
Talk:Historical_materialism https://en.wikipedia.org/wiki/Talk:Historical_materialism
Hasid https://en.wikipedia.org/wiki/Hasid
History_of_post-communist_Rusia https://en.wikipedia.org/wiki/History_of_Russia_(1991%E2%80%93present)
Hoosier_Hysteria https://en.wikipedia.org/wiki/Hoosier_Hysteria
Harold_Alexander,_1st_Earl_Alexander_of_Tunis https://en.wikipedia.org/wiki/Harold_Alexander,_1st_Earl_Alexander_of_Tunis
Hubbles_constant https://en.wikipedia.org/wiki/Hubble%27s_law
Holy_book https://en.wikipedia.org/wiki/Religious_text
H.R._Morgenstern https://en.wikipedia.org/wiki/William_Goldman
Henry_Moseley https://en.wikipedia.org/wiki/Henry_Moseley
Talk:Hangover https://en.wikipedia.org/wiki/Hangover
Prince_Harry,_Duke_of_Sussex https://en.wikipedia.org/wiki/Prince_Harry,_Duke_of_Sussex
Hail https://en.wikipedia.org/wiki/Failure
Hypnotherapy https://en.wikipedia.org/wiki/Hypnotherapy
Talk:Hypnotherapy https://en.wikipedia.org/wiki/Talk:Hypnotherapy
Hangman_(game) https://en.wikipedia.org/wiki/Hangman_(game)
Harmonic_mean https://en.wikipedia.org/wiki/Harmonic_mean
Hellbender https://en.wikipedia.org/wiki/Hellbender
Harold_Eugene_Edgerton https://en.wikipedia.org/wiki/Doc_Edgerton
Harry_Kroto https://en.wikipedia.org/wiki/Harry_Kroto
Heimskringla https://en.wikipedia.org/wiki/Heimskringla
Hamar https://en.wikipedia.org/wiki/Hamar
Talk:Hardcore https://en.wikipedia.org/wiki/Talk:Hardcore
Book_of_Helaman https://en.wikipedia.org/wiki/Book_of_Helaman
Harry_Potter_and_the_Sorcerers_Stone https://en.wikipedia.org/wiki/Harry_Potter_and_the_Philosopher%27s_Stone
IrishTraditionalMusic https://en.wikipedia.org/wiki/Irish_traditional_music
IslandS https://en.wikipedia.org/wiki/Island
IntegerNumbers https://en.wikipedia.org/wiki/Integer
IndoIranianLanguages https://en.wikipedia.org/wiki/Indo-Iranian_languages
Isaac_Asimov/TheFoundationSeries https://en.wikipedia.org/wiki/Foundation_series
Talk:Isaac_Asimov https://en.wikipedia.org/wiki/Talk:Isaac_Asimov
IsaacAsimov/PreludeToFoundation https://en.wikipedia.org/wiki/Prelude_to_Foundation
IsaacAsimov/TrantoR https://en.wikipedia.org/wiki/Galactic_Empire_(Isaac_Asimov)
IndianapolisColts https://en.wikipedia.org/wiki/Indianapolis_Colts
InterpretingStatisticalData https://en.wikipedia.org/wiki/Statistical_inference
IndustrY/TertiarySector https://en.wikipedia.org/wiki/Tertiary_sector_of_the_economy
IndustrY/PrimarySector https://en.wikipedia.org/wiki/Primary_sector_of_the_economy
IndustrY/SecondarySector https://en.wikipedia.org/wiki/Secondary_sector_of_the_economy
Isolated_physical_system https://en.wikipedia.org/wiki/Closed_system
Inflation_(economics) https://en.wikipedia.org/wiki/Inflation
Irina_Krush https://en.wikipedia.org/wiki/Irina_Krush
Institut_des_hautes_études_scientifiques https://en.wikipedia.org/wiki/Institut_des_Hautes_%C3%89tudes_Scientifiques
Interpreting_statistical_data https://en.wikipedia.org/wiki/Statistical_inference
Iceland https://en.wikipedia.org/wiki/Ireland
Music_of_India https://en.wikipedia.org/wiki/Music_of_India
List_of_Indian_musical_instruments https://en.wikipedia.org/wiki/List_of_Indian_musical_instruments
IRIX https://en.wikipedia.org/wiki/IRIX
Internet https://en.wikipedia.org/wiki/Interest
Indo-European https://en.wikipedia.org/wiki/Indo-European_languages
Indo-Iranian_languages https://en.wikipedia.org/wiki/Indo-Iranian_languages
Indriidae https://en.wikipedia.org/wiki/Indriidae
Invictus https://en.wikipedia.org/wiki/Invictus
Tertiary_sector_of_the_economy https://en.wikipedia.org/wiki/Tertiary_sector_of_the_economy
Primary_sector_of_the_economy https://en.wikipedia.org/wiki/Primary_sector_of_the_economy
Secondary_sector_of_the_economy https://en.wikipedia.org/wiki/Secondary_sector_of_the_economy
Imaginary_number https://en.wikipedia.org/wiki/Imaginary_number
Input/Output_Device https://en.wikipedia.org/wiki/Input/output
Indictment https://en.wikipedia.org/wiki/Indictment
Republic_of_Ireland https://en.wikipedia.org/wiki/Republic_of_Ireland
Irish_diaspora https://en.wikipedia.org/wiki/Irish_diaspora
Integer https://en.wikipedia.org/wiki/Integer
International_trade https://en.wikipedia.org/wiki/International_trade
International_Trade/Risks https://en.wikipedia.org/wiki/International_trade
Interpolation https://en.wikipedia.org/wiki/Interpolation
Intension https://en.wikipedia.org/wiki/Intention
Isaac_Asimov https://en.wikipedia.org/wiki/Isaac_Asimov
Izabella_Scorupco https://en.wikipedia.org/wiki/Izabella_Scorupco
Irrationalism_and_Aestheticism https://en.wikipedia.org/wiki/Aestheticism
Talk:Irrationalism_and_Aestheticism https://en.wikipedia.org/wiki/Talk:Irrationalism_and_Aestheticism
Indonesia https://en.wikipedia.org/wiki/Indonesia
Indian_Ocean https://en.wikipedia.org/wiki/Indian_Ocean
Iqaluit https://en.wikipedia.org/wiki/Iqaluit
Island https://en.wikipedia.org/wiki/Land
Ikhthus https://en.wikipedia.org/wiki/Ichthys
INRI https://en.wikipedia.org/wiki/Inti
Iao_Valley https://en.wikipedia.org/wiki/Iao_Valley
International_trade/Risks https://en.wikipedia.org/wiki/International_trade
Internet_troll https://en.wikipedia.org/wiki/Internet_troll
Talk:India/Archive_1 https://en.wikipedia.org/wiki/Talk:India/Archive_1
India/History https://en.wikipedia.org/wiki/History_of_India
Geography_of_India https://en.wikipedia.org/wiki/Geography_of_India
Demographics_of_India https://en.wikipedia.org/wiki/Demographics_of_India
Politics_of_India https://en.wikipedia.org/wiki/Politics_of_India
User:Pamri/Economy_of_India_old https://en.wikipedia.org/wiki/User:Pamri/Economy_of_India_old
Telecommunications_in_India https://en.wikipedia.org/wiki/Telecommunications_in_India
Transport_in_India https://en.wikipedia.org/wiki/Transport_in_India
Foreign_relations_of_India https://en.wikipedia.org/wiki/Foreign_relations_of_India
Indian_religions https://en.wikipedia.org/wiki/Indian_religions
Idaho https://en.wikipedia.org/wiki/Idaho
Interrogatories https://en.wikipedia.org/wiki/Interrogatories
List_of_infectious_diseases https://en.wikipedia.org/wiki/List_of_infectious_diseases
İsmet_İnönü https://en.wikipedia.org/wiki/%C4%B0smet_%C4%B0n%C3%B6n%C3%BC
Integers https://en.wikipedia.org/wiki/Integer
Inorganic_chemistry https://en.wikipedia.org/wiki/Organic_chemistry
Insert_(filmmaking) https://en.wikipedia.org/wiki/Insert_(filmmaking)
Ingmar_Bergman https://en.wikipedia.org/wiki/Ingmar_Bergman
Isaac_Newton https://en.wikipedia.org/wiki/Isaac_Newton
Inventor https://en.wikipedia.org/wiki/Inventory
Iberian_peninsula https://en.wikipedia.org/wiki/Iberian_Peninsula
Immanuel_Kant https://en.wikipedia.org/wiki/Immanuel_Kant
Iceland/Communications https://en.wikipedia.org/wiki/Iceland
History_of_Indonesia https://en.wikipedia.org/wiki/History_of_Indonesia
Geography_of_Indonesia https://en.wikipedia.org/wiki/Geography_of_Indonesia
Demographics_of_Indonesia https://en.wikipedia.org/wiki/Demographics_of_Indonesia
Politics_of_Indonesia https://en.wikipedia.org/wiki/Politics_of_Indonesia
Economy_of_Indonesia https://en.wikipedia.org/wiki/Economy_of_Indonesia
Communications_in_Indonesia https://en.wikipedia.org/wiki/Communications_in_Indonesia
Transport_in_Indonesia https://en.wikipedia.org/wiki/Transport_in_Indonesia
Indonesian_National_Armed_Forces https://en.wikipedia.org/wiki/Indonesian_National_Armed_Forces
Foreign_relations_of_Indonesia https://en.wikipedia.org/wiki/Foreign_relations_of_Indonesia
List_of_islands_of_Indonesia https://en.wikipedia.org/wiki/List_of_islands_of_Indonesia
Iran https://en.wikipedia.org/wiki/Iran
Iran/History https://en.wikipedia.org/wiki/History_of_Iran
History_of_Iraq https://en.wikipedia.org/wiki/History_of_Iran
Geography_of_Iraq https://en.wikipedia.org/wiki/Geography_of_Iran
Politics_of_Iraq https://en.wikipedia.org/wiki/Politics_of_Iran
Economy_of_Iraq https://en.wikipedia.org/wiki/Economy_of_Iran
Transport_in_Iraq https://en.wikipedia.org/wiki/Transport_in_Iraq
Military_of_Iraq https://en.wikipedia.org/wiki/Iraqi_Armed_Forces
Foreign_relations_of_Iraq https://en.wikipedia.org/wiki/Foreign_relations_of_Iran
Geography_of_the_Republic_of_Ireland https://en.wikipedia.org/wiki/Geography_of_Ireland
Demographics_of_the_Republic_of_Ireland https://en.wikipedia.org/wiki/Demographics_of_the_Republic_of_Ireland
Politics_of_the_Republic_of_Ireland https://en.wikipedia.org/wiki/Politics_of_the_Republic_of_Ireland
Telecommunications_in_the_Republic_of_Ireland https://en.wikipedia.org/wiki/Telecommunications_in_the_Republic_of_Ireland
Transport_in_Ireland https://en.wikipedia.org/wiki/Transport_in_Ireland
Military_of_Ireland https://en.wikipedia.org/wiki/Defence_Forces_(Ireland)
Foreign_relations_of_Ireland https://en.wikipedia.org/wiki/Foreign_relations_of_Ireland
Israel/History https://en.wikipedia.org/wiki/History_of_Israel
Geography_of_Israel https://en.wikipedia.org/wiki/Geography_of_Israel
Economy_of_Israel https://en.wikipedia.org/wiki/Economy_of_Israel
User:Herman https://en.wikipedia.org/wiki/Herman
Hotspot https://en.wikipedia.org/wiki/Hotspot_(geology)
Hickory_(disambiguation) https://en.wikipedia.org/wiki/Hickory_(disambiguation)
Host https://en.wikipedia.org/wiki/Host_(biology)
Hernán_Cortés https://en.wikipedia.org/wiki/Hern%C3%A1n_Cort%C3%A9s
Haber_process https://en.wikipedia.org/wiki/Haber_process
House_of_Orange_(disambiguation) https://en.wikipedia.org/wiki/House_of_Orange_(disambiguation)#:~:text=The%20House%20of%20Orange%20is,(song)%2C%20by%20Stan%20Rogers
Histone https://en.wikipedia.org/wiki/Histone
Heroin https://en.wikipedia.org/wiki/Heroin
Howard_Hughes https://en.wikipedia.org/wiki/Howard_Hughes
Horse_Breed https://en.wikipedia.org/wiki/List_of_horse_breeds
Horse_breed https://en.wikipedia.org/wiki/Horse_breeding
Talk:House_of_Habsburg https://en.wikipedia.org/wiki/Talk%3AHouse_of_Habsburg
Harvard_(disambiguation) https://en.wikipedia.org/wiki/Harvard_(disambiguation)
Talk:Henry_II,_Holy_Roman_Emperor/Archive_1 https://en.wikipedia.org/wiki/Talk:Henry_II,_Holy_Roman_Emperor
Humanist_(disambiguation) https://en.wikipedia.org/wiki/Humanist_(disambiguation)
Harappa https://en.wikipedia.org/wiki/Harappa
HIV https://en.wikipedia.org/wiki/HIV
Talk:Henry_II_of_England https://en.wikipedia.org/wiki/Talk:Henry_II_of_England
Helene https://en.wikipedia.org/wiki/Helene
Talk:Homeopathy https://en.wikipedia.org/wiki/Talk%3AHomeopathy
Hotel https://en.wikipedia.org/wiki/Hotel
Hebrew_mythology https://en.wikipedia.org/wiki/Hebrew_mythology
Talk:Homo_(disambiguation) https://en.wikipedia.org/wiki/Talk%3AHomo_(disambiguation)
HMS_Ark_Royal https://en.wikipedia.org/wiki/HMS_Ark_Royal
Heckler_&_Koch_MP5 https://en.wikipedia.org/wiki/Heckler_%26_Koch_MP5
Ham https://en.wikipedia.org/wiki/Ham
Hammerhead_shark https://en.wikipedia.org/wiki/Hammerhead_shark
Hall_effect https://en.wikipedia.org/wiki/Hall_effect
Hoover_Dam https://en.wikipedia.org/wiki/Hoover_Dam
Holger_Pedersen https://en.wikipedia.org/wiki/Holger_Pedersen_(linguist)
Hair https://en.wikipedia.org/wiki/Hair
Haggis https://en.wikipedia.org/wiki/Haggis
Holy_Grail https://en.wikipedia.org/wiki/Holy_Grail
Hash https://en.wikipedia.org/wiki/Hash
Hydraulic_ram https://en.wikipedia.org/wiki/Hydraulic_ram
Honey https://en.wikipedia.org/wiki/Honey
Hecate https://en.wikipedia.org/wiki/Hecate
Haematopoietic_stem_cell https://en.wikipedia.org/wiki/Hematopoietic_stem_cell
Hamster https://en.wikipedia.org/wiki/Hamster
HAL_9000 https://en.wikipedia.org/wiki/HAL_9000
Hungarian https://en.wikipedia.org/wiki/Hungary
History_of_science https://en.wikipedia.org/wiki/History_of_science
Talk:History_of_science https://en.wikipedia.org/wiki/Talk:History_of_science
Talk:House_of_Lords https://en.wikipedia.org/wiki/Talk%3AHouse_of_Lords
Hemlock https://en.wikipedia.org/wiki/Conium_maculatum
Hermes https://en.wikipedia.org/wiki/Hermes
Hardcore https://en.wikipedia.org/wiki/Hardcore
HAM https://en.wikipedia.org/wiki/Ham
IsLam https://en.wikipedia.org/wiki/Islam
ItalY https://en.wikipedia.org/wiki/Italy
IntelliGence https://en.wikipedia.org/wiki/Intelligence
IndependentS https://en.wikipedia.org/wiki/Independents_(Oporto_artist_group)
IndustrY https://en.wikipedia.org/wiki/Industry
Independents https://en.wikipedia.org/wiki/Independents_(artist_group)
Italy https://en.wikipedia.org/wiki/Italy
India https://en.wikipedia.org/wiki/India
Industry https://en.wikipedia.org/wiki/Manufacturing
I,_Robot https://en.wikipedia.org/wiki/I,_Robot
Impressionism_in_music https://en.wikipedia.org/wiki/Impressionism_in_music
Ich_bin_ein_Berliner https://en.wikipedia.org/wiki/Ich_bin_ein_Berliner
Infusion_(disambiguation) https://en.wikipedia.org/wiki/Infusion_(disambiguation)
Italian https://en.wikipedia.org/wiki/Italian_language
Intel https://en.wikipedia.org/wiki/Intel
Demographics_of_Iraq https://en.wikipedia.org/wiki/Demographics_of_Iraq
Demographics_of_Israel https://en.wikipedia.org/wiki/Demographics_of_Israel
Hyperion https://en.wikipedia.org/wiki/Hyperion
Hanover https://en.wikipedia.org/wiki/Hanover
Harpers_Ferry_(disambiguation) https://en.wikipedia.org/wiki/Harpers_Ferry_(disambiguation)
HSK https://en.wikipedia.org/wiki/HSK
Homeopathy https://en.wikipedia.org/wiki/Homeopathy
HyperCard https://en.wikipedia.org/wiki/HyperCard
Hedwig https://en.wikipedia.org/wiki/Hedwig
HMS_Resolution https://en.wikipedia.org/wiki/HMS_Resolution
Helen_Keller https://en.wikipedia.org/wiki/Helen_Keller